{
  "Week":[0,1,2,3,4,5,6,7,8,9,10,11,12,13],
  "L":[1,1,1,1,1,1,1,1,1,1,1,1,1,1],
  "M":[49.8842,51.1152,52.3461,53.3905,54.3881,55.3374,56.2357,57.0851,57.8889,58.6536,59.3872,60.0894,60.7605,61.4013],
  "S":[0.03795,0.03723,0.03652,0.03609,0.0357,0.03534,0.03501,0.0347,0.03442,0.03416,0.03392,0.03369,0.03348,0.03329]
}
