{
  "Week":[0,1,2,3,4,5,6,7,8,9,10,11,12,13],
  "L":[0.3487,0.2776,0.2581,0.2442,0.2331,0.2237,0.2155,0.2081,0.2014,0.1952,0.1894,0.184,0.1789,0.174],
  "M":[3.3464,3.4879,3.7529,4.0603,4.3671,4.659,4.9303,5.1817,5.4149,5.6319,5.8346,6.0242,6.2019,6.369],
  "S":[0.14602,0.14483,0.14142,0.13807,0.13497,0.13215,0.1296,0.12729,0.1252,0.1233,0.12157,0.12001,0.1186,0.11732]
}
