{
  "Month":[0,1,2,3,4,5,6,7,8,9,10,11,12,13,14,15,16,17,18,19,20,21,22,23,24,25,26,27,28,29,30,31,32,33,34,35,36,37,38,39,40,41,42,43,44,45,46,47,48,49,50,51,52,53,54,55,56,57,58,59,60],
  "L":[0.3487,0.2297,0.197,0.1738,0.1553,0.1395,0.1257,0.1134,0.1021,0.0917,0.082,0.073,0.0644,0.0563,0.0487,0.0413,0.0343,0.0275,0.0211,0.0148,0.0087,0.0029,-0.0028,-0.0083,-0.0137,-0.0189,-0.024,-0.0289,-0.0337,-0.0385,-0.0431,-0.0476,-0.052,-0.0564,-0.0606,-0.0648,-0.0689,-0.0729,-0.0769,-0.0808,-0.0846,-0.0883,-0.092,-0.0957,-0.0993,-0.1028,-0.1063,-0.1097,-0.1131,-0.1165,-0.1198,-0.123,-0.1262,-0.1294,-0.1325,-0.1356,-0.1387,-0.1417,-0.1447,-0.1477,-0.1506],
  "M":[3.3464,4.4709,5.5675,6.3762,7.0023,7.5105,7.934,8.297,8.6151,8.9014,9.1649,9.4122,9.6479,9.8749,10.0953,10.3108,10.5228,10.7319,10.9385,11.143,11.3462,11.5486,11.7504,11.9514,12.1515,12.3502,12.5466,12.7401,12.9303,13.1169,13.3,13.4798,13.6567,13.8309,14.0031,14.1736,14.3429,14.5113,14.6791,14.8466,15.014,15.1813,15.3486,15.5158,15.6828,15.8497,16.0163,16.1827,16.3489,16.515,16.6811,16.8471,17.0132,17.1792,17.3452,17.5111,17.6768,17.8422,18.0073,18.1722,18.3366],
  "S":[0.14602,0.13395,0.12385,0.11727,0.11316,0.1108,0.10958,0.10902,0.10882,0.10881,0.10891,0.10906,0.10925,0.10949,0.10976,0.11007,0.11041,0.11079,0.11119,0.11164,0.11211,0.11261,0.11314,0.11369,0.11426,0.11485,0.11544,0.11604,0.11664,0.11723,0.11781,0.11839,0.11896,0.11953,0.12008,0.12062,0.12116,0.12168,0.1222,0.12271,0.12322,0.12373,0.12425,0.12478,0.12531,0.12586,0.12643,0.127,0.12759,0.12819,0.1288,0.12943,0.13005,0.13069,0.13133,0.13197,0.13261,0.13325,0.13389,0.13453,0.13517]
}
