{
  "Month":[0,1,2,3,4,5,6,7,8,9,10,11,12,13,14,15,16,17,18,19,20,21,22,23,24,25,26,27,28,29,30,31,32,33,34,35,36,37,38,39,40,41,42,43,44,45,46,47,48,49,50,51,52,53,54,55,56,57,58,59,60],
  "L":[1,1,1,1,1,1,1,1,1,1,1,1,1,1,1,1,1,1,1,1,1,1,1,1,1,1,1,1,1,1,1,1,1,1,1,1,1,1,1,1,1,1,1,1,1,1,1,1,1,1,1,1,1,1,1,1,1,1,1,1,1],
  "M":[34.4618,37.2759,39.1285,40.5135,41.6317,42.5576,43.3306,43.9803,44.53,44.9998,45.4051,45.7573,46.0661,46.3395,46.5844,46.806,47.0088,47.1962,47.3711,47.5357,47.6919,47.8408,47.9833,48.1201,48.2515,48.3777,48.4989,48.6151,48.7264,48.8331,48.9351,49.0327,49.126,49.2153,49.3007,49.3826,49.4612,49.5367,49.6093,49.6791,49.7465,49.8116,49.8745,49.9354,49.9942,50.0512,50.1064,50.1598,50.2115,50.2617,50.3105,50.3578,50.4039,50.4488,50.4926,50.5354,50.5772,50.6183,50.6587,50.6984,50.7375],
  "S":[0.03686,0.03133,0.02997,0.02918,0.02868,0.02837,0.02817,0.02804,0.02796,0.02792,0.0279,0.02789,0.02789,0.02789,0.02791,0.02792,0.02795,0.02797,0.028,0.02803,0.02806,0.0281,0.02813,0.02817,0.02821,0.02825,0.0283,0.02834,0.02838,0.02842,0.02847,0.02851,0.02855,0.02859,0.02863,0.02867,0.02871,0.02875,0.02878,0.02882,0.02886,0.02889,0.02893,0.02896,0.02899,0.02903,0.02906,0.02909,0.02912,0.02915,0.02918,0.02921,0.02924,0.02927,0.02929,0.02932,0.02935,0.02938,0.0294,0.02943,0.02946]
}
