{
  "Month":[0,1,2,3,4,5,6,7,8,9,10,11,12,13,14,15,16,17,18,19,20,21,22,23,24,25,26,27,28,29,30,31,32,33,34,35,36,37,38,39,40,41,42,43,44,45,46,47,48,49,50,51,52,53,54,55,56,57,58,59,60],
  "L":[1,1,1,1,1,1,1,1,1,1,1,1,1,1,1,1,1,1,1,1,1,1,1,1,1,1,1,1,1,1,1,1,1,1,1,1,1,1,1,1,1,1,1,1,1,1,1,1,1,1,1,1,1,1,1,1,1,1,1,1,1],
  "M":[49.8842,54.7244,58.4249,61.4292,63.886,65.9026,67.6236,69.1645,70.5994,71.9687,73.2812,74.5388,75.7488,76.9186,78.0497,79.1458,80.2113,81.2487,82.2587,83.2418,84.1996,85.1348,86.0477,86.941,87.8161,87.972,88.8065,89.6197,90.412,91.1828,91.9327,92.6631,93.3753,94.0711,94.7532,95.4236,96.0835,96.7337,97.3749,98.0073,98.631,99.2459,99.8515,100.4485,101.0374,101.6186,102.1933,102.7625,103.3273,103.8886,104.4473,105.0041,105.5596,106.1138,106.6668,107.2188,107.7697,108.3198,108.8689,109.417,109.9638],
  "S":[0.03795,0.03557,0.03424,0.03328,0.03257,0.03204,0.03165,0.03139,0.03124,0.03117,0.03118,0.03125,0.03137,0.03154,0.03174,0.03197,0.03222,0.0325,0.03279,0.0331,0.03342,0.03376,0.0341,0.03445,0.03479,0.03542,0.03576,0.0361,0.03642,0.03674,0.03704,0.03733,0.03761,0.03787,0.03812,0.03836,0.03858,0.03879,0.039,0.03919,0.03937,0.03954,0.03971,0.03986,0.04002,0.04016,0.04031,0.04045,0.04059,0.04073,0.04086,0.041,0.04113,0.04126,0.04139,0.04152,0.04165,0.04177,0.0419,0.04202,0.04214]
}
