{
  "Week":[0,1,2,3,4,5,6,7,8,9,10,11,12,13],
  "L":[1,1,1,1,1,1,1,1,1,1,1,1,1,1],
  "M":[34.4618,35.1634,35.8649,36.5216,37.0926,37.601,38.0609,38.4824,38.8724,39.2368,39.5797,39.9033,40.2096,40.5008],
  "S":[0.03686,0.03472,0.03258,0.03197,0.03148,0.03107,0.03072,0.03041,0.03014,0.0299,0.02969,0.0295,0.02933,0.02918]
}
