{
  "Week":[0,1,2,3,4,5,6,7,8,9,10,11,12,13],
  "L":[1,1,1,1,1,1,1,1,1,1,1,1,1,1],
  "M":[49.1477,50.3298,51.512,52.4695,53.3809,54.2454,55.0642,55.8406,56.5767,57.2761,57.9436,58.5816,59.1922,59.7773],
  "S":[0.0379,0.03742,0.03694,0.03669,0.03647,0.03627,0.03609,0.03593,0.03578,0.03564,0.03552,0.0354,0.0353,0.0352]
}
