{
  "Week":[0,1,2,3,4,5,6,7,8,9,10,11,12,13],
  "L":[0.3809,0.2671,0.2304,0.2024,0.1789,0.1582,0.1395,0.1224,0.1065,0.0918,0.0779,0.0648,0.0525,0.0407],
  "M":[3.2322,3.3388,3.5693,3.8352,4.0987,4.3476,4.5793,4.795,4.9959,5.1842,5.3618,5.5295,5.6883,5.8393],
  "S":[0.14171,0.146,0.14339,0.1406,0.13805,0.13583,0.13392,0.13228,0.13087,0.12966,0.12861,0.1277,0.12691,0.12622]
}
