{
  "Month":[0,1,2,3,4,5,6,7,8,9,10,11,12,13,14,15,16,17,18,19,20,21,22,23,24,25,26,27,28,29,30,31,32,33,34,35,36,37,38,39,40,41,42,43,44,45,46,47,48,49,50,51,52,53,54,55,56,57,58,59,60],
  "L":[1,1,1,1,1,1,1,1,1,1,1,1,1,1,1,1,1,1,1,1,1,1,1,1,1,1,1,1,1,1,1,1,1,1,1,1,1,1,1,1,1,1,1,1,1,1,1,1,1,1,1,1,1,1,1,1,1,1,1,1,1],
  "M":[33.8787,36.5463,38.2521,39.5328,40.5817,41.459,42.1995,42.829,43.3671,43.83,44.2319,44.5844,44.8965,45.1752,45.4265,45.6551,45.865,46.0598,46.2424,46.4152,46.5801,46.7384,46.8913,47.0391,47.1822,47.3204,47.4536,47.5817,47.7045,47.8219,47.934,48.041,48.1432,48.2408,48.3343,48.4239,48.5099,48.5926,48.6722,48.7489,48.8228,48.8941,48.9629,49.0294,49.0937,49.156,49.2164,49.2751,49.3321,49.3877,49.4419,49.4947,49.5464,49.5969,49.6464,49.6947,49.7421,49.7885,49.8341,49.8789,49.9229],
  "S":[0.03496,0.0321,0.03168,0.0314,0.03119,0.03102,0.03087,0.03075,0.03063,0.03053,0.03044,0.03035,0.03027,0.03019,0.03012,0.03006,0.02999,0.02993,0.02987,0.02982,0.02977,0.02972,0.02967,0.02962,0.02957,0.02953,0.02949,0.02945,0.02941,0.02937,0.02933,0.02929,0.02926,0.02922,0.02919,0.02915,0.02912,0.02909,0.02906,0.02903,0.029,0.02897,0.02894,0.02891,0.02888,0.02886,0.02883,0.0288,0.02878,0.02875,0.02873,0.0287,0.02868,0.02865,0.02863,0.02861,0.02859,0.02856,0.02854,0.02852,0.0285]
}
