{
  "Week":[0,1,2,3,4,5,6,7,8,9,10,11,12,13],
  "L":[1,1,1,1,1,1,1,1,1,1,1,1,1,1],
  "M":[33.8787,34.5529,35.2272,35.843,36.3761,36.8472,37.2711,37.6584,38.0167,38.3516,38.6673,38.9661,39.2501,39.521],
  "S":[0.03496,0.03374,0.03251,0.03231,0.03215,0.03202,0.03191,0.03182,0.03173,0.03166,0.03158,0.03152,0.03146,0.0314]
}
