{
  "Month":[0,0.5,1.5,2.5,3.5,4.5,5.5,6.5,7.5,8.5,9.5,10.5,11.5,12.5,13.5,14.5,15.5,16.5,17.5,18.5,19.5,20.5,21.5,22.5,23.5,24.5,25.5,26.5,27.5,28.5,29.5,30.5,31.5,32.5,33.5,34.5,35.5,36],
  "L":[4.427825037,4.310927464,3.869576802,3.305593039,2.720590297,2.16804824,1.675465689,1.255160322,0.91054114,0.639510474,0.436978864,0.296275856,0.210107251,0.171147024,0.172393886,0.207371541,0.270226126,0.355757274,0.459407627,0.577227615,0.705826778,0.842319055,0.984266833,1.129626698,1.276691223,1.424084853,1.570621291,1.715393998,1.857652984,1.996810563,2.132411346,2.264111009,2.391658052,2.514878222,2.633661226,2.747949445,2.857728375,2.910932095],
  "M":[35.81366835,37.19361054,39.20742929,40.65233195,41.76516959,42.66116148,43.40488731,44.03609923,44.58096912,45.05761215,45.4790756,45.85505706,46.19295427,46.49853438,46.77637684,47.03017599,47.2629533,47.47720989,47.67503833,47.85820606,48.02821867,48.18636864,48.3337732,48.47140432,48.60011223,48.72064621,48.83366629,48.93976089,49.03945383,49.13321432,49.22146409,49.30458348,49.38291658,49.45677569,49.526445,49.59218385,49.65422952,49.68393611],
  "S":[0.052172542,0.047259148,0.040947903,0.037027722,0.034364245,0.032462175,0.031064702,0.03002267,0.029242173,0.028660454,0.0282336,0.027929764,0.027725179,0.027601686,0.027545148,0.027544382,0.027590417,0.02767598,0.027795115,0.0279429,0.028115241,0.028308707,0.028520407,0.028747896,0.028989089,0.029242207,0.029505723,0.029778323,0.030058871,0.030346384,0.030640006,0.030938992,0.031242693,0.031550537,0.031862026,0.03217672,0.032494231,0.032653934]
}
