{
  "Month":[24,24.5,25.5,26.5,27.5,28.5,29.5,30.5,31.5,32.5,33.5,34.5,35.5,36.5,37.5,38.5,39.5,40.5,41.5,42.5,43.5,44.5,45.5,46.5,47.5,48.5,49.5,50.5,51.5,52.5,53.5,54.5,55.5,56.5,57.5,58.5,59.5,60.5,61.5,62.5,63.5,64.5,65.5,66.5,67.5,68.5,69.5,70.5,71.5,72.5,73.5,74.5,75.5,76.5,77.5,78.5,79.5,80.5,81.5,82.5,83.5,84.5,85.5,86.5,87.5,88.5,89.5,90.5,91.5,92.5,93.5,94.5,95.5,96.5,97.5,98.5,99.5,100.5,101.5,102.5,103.5,104.5,105.5,106.5,107.5,108.5,109.5,110.5,111.5,112.5,113.5,114.5,115.5,116.5,117.5,118.5,119.5,120.5,121.5,122.5,123.5,124.5,125.5,126.5,127.5,128.5,129.5,130.5,131.5,132.5,133.5,134.5,135.5,136.5,137.5,138.5,139.5,140.5,141.5,142.5,143.5,144.5,145.5,146.5,147.5,148.5,149.5,150.5,151.5,152.5,153.5,154.5,155.5,156.5,157.5,158.5,159.5,160.5,161.5,162.5,163.5,164.5,165.5,166.5,167.5,168.5,169.5,170.5,171.5,172.5,173.5,174.5,175.5,176.5,177.5,178.5,179.5,180.5,181.5,182.5,183.5,184.5,185.5,186.5,187.5,188.5,189.5,190.5,191.5,192.5,193.5,194.5,195.5,196.5,197.5,198.5,199.5,200.5,201.5,202.5,203.5,204.5,205.5,206.5,207.5,208.5,209.5,210.5,211.5,212.5,213.5,214.5,215.5,216.5,217.5,218.5,219.5,220.5,221.5,222.5,223.5,224.5,225.5,226.5,227.5,228.5,229.5,230.5,231.5,232.5,233.5,234.5,235.5,236.5,237.5,238.5,239.5,240],
  "L":[-0.20615245,-0.216501213,-0.239790488,-0.266315853,-0.295754969,-0.327729368,-0.361817468,-0.397568087,-0.434520252,-0.472188756,-0.510116627,-0.547885579,-0.58507011,-0.621319726,-0.656295986,-0.689735029,-0.721410388,-0.751175223,-0.778904279,-0.804515498,-0.828003255,-0.849380372,-0.86869965,-0.886033992,-0.901507878,-0.915241589,-0.927377772,-0.938069819,-0.94747794,-0.955765694,-0.963096972,-0.969633434,-0.975532355,-0.980937915,-0.986006518,-0.99086694,-0.995644402,-1.000453886,-1.005399668,-1.010575003,-1.016061941,-1.021931241,-1.028242376,-1.035043608,-1.042372125,-1.050254232,-1.058705595,-1.067731529,-1.077321193,-1.087471249,-1.098152984,-1.10933408,-1.120974043,-1.133024799,-1.145431351,-1.158132499,-1.171061612,-1.184141975,-1.197307185,-1.210475099,-1.223565263,-1.236497304,-1.249186293,-1.261555446,-1.273523619,-1.285013783,-1.295952066,-1.306268473,-1.31589753,-1.324778843,-1.332857581,-1.340080195,-1.346412105,-1.351813296,-1.356253969,-1.359710858,-1.362167159,-1.363612378,-1.364042106,-1.363457829,-1.361865669,-1.35928261,-1.355720571,-1.351202536,-1.345754408,-1.339405453,-1.332188093,-1.324137479,-1.315291073,-1.30568824,-1.295369867,-1.284374967,-1.272750864,-1.260539193,-1.247783611,-1.234527763,-1.220815047,-1.206688407,-1.19219015,-1.177361786,-1.162243894,-1.146876007,-1.131296524,-1.115542634,-1.099650267,-1.083654055,-1.067587314,-1.051482972,-1.035367321,-1.019277299,-1.003235326,-0.987269866,-0.971406609,-0.955670107,-0.940083834,-0.924670244,-0.909450843,-0.894446258,-0.879676305,-0.865160071,-0.850915987,-0.836961905,-0.823315176,-0.809992726,-0.797011132,-0.784386693,-0.772135506,-0.760273528,-0.748815968,-0.737780398,-0.727181568,-0.717035494,-0.707358338,-0.698166437,-0.689476327,-0.68130475,-0.673668658,-0.666585194,-0.660069969,-0.654142602,-0.648819666,-0.644118611,-0.640056805,-0.636651424,-0.633919328,-0.631876912,-0.63053994,-0.629923353,-0.630041066,-0.630905733,-0.632528509,-0.634918779,-0.638083884,-0.642028835,-0.646756013,-0.652262297,-0.658551638,-0.665609025,-0.673425951,-0.681987284,-0.691273614,-0.701261055,-0.711921092,-0.723218488,-0.735121189,-0.747580416,-0.760550666,-0.773984558,-0.787817728,-0.801993069,-0.816446409,-0.831110299,-0.845914498,-0.860786514,-0.875652181,-0.890436283,-0.905063185,-0.91945749,-0.933544683,-0.947251765,-0.960507855,-0.973244762,-0.985397502,-0.996904762,-1.007705555,-1.017756047,-1.027002713,-1.035402243,-1.042916356,-1.049511871,-1.055160732,-1.059840019,-1.063531973,-1.066224038,-1.067908908,-1.068589885,-1.068261146,-1.066933756,-1.064620976,-1.061341755,-1.057116957,-1.051988979,-1.04599033,-1.039168248,-1.031579574,-1.023291946,-1.014385118,-1.004952366,-0.995101924,-0.984958307,-0.974663325,-0.964376555,-0.954274945,-0.944551187,-0.935410427,-0.927059784,-0.919718461,-0.91648762],
  "M":[12.6707633,12.74154396,12.88102276,13.01842382,13.1544966,13.28989667,13.42519408,13.56088113,13.69737858,13.83504622,13.97418299,14.1150324,14.25779618,14.40262749,14.54964614,14.69893326,14.85054151,15.00449143,15.16078454,15.31940246,15.48030313,15.64343309,15.80872535,15.97610456,16.14548194,16.31676727,16.4898646,16.66467529,16.84109948,17.01903746,17.1983908,17.37906341,17.56096245,17.74400082,17.92809121,18.11315625,18.29912286,18.48592413,18.67349965,18.86179576,19.05076579,19.24037019,19.43057662,19.62136007,19.8127028,20.0045944,20.19703171,20.39001872,20.58356862,20.77769565,20.97242631,21.16779192,21.36383013,21.56058467,21.75810506,21.95644627,22.15566842,22.35583862,22.55702268,22.75929558,22.9627344,23.16741888,23.37343341,23.58086145,23.78979096,24.00031064,24.21251028,24.42648043,24.642312,24.86009596,25.07992303,25.30188584,25.52606977,25.75256528,25.9814599,26.2128399,26.44679027,26.68339457,26.92273494,27.16489199,27.40994539,27.65796978,27.90904433,28.16324264,28.42063744,28.68130005,28.94530029,29.21270645,29.48358527,29.75800198,30.03602021,30.31770417,30.60311107,30.89230072,31.18532984,31.48225315,31.78312329,32.08799062,32.39690313,32.7099062,33.02704244,33.34835148,33.67386973,34.00363017,34.33766207,34.67599076,35.01863732,35.36561737,35.71694723,36.07262569,36.43265996,36.79704392,37.1657671,37.53881268,37.91615721,38.2977703,38.6836143,39.07364401,39.46780643,39.86604044,40.26827652,40.67443658,41.08443363,41.49817164,41.91554528,42.33643978,42.76073078,43.18828419,43.61895703,44.0525931,44.48903027,44.92809483,45.36960315,45.81336172,46.25916729,46.70680701,47.15605863,47.60669074,48.05846572,48.51113138,48.96443224,49.41810374,49.87187409,50.32546478,50.77859121,51.23096332,51.68228625,52.13226113,52.58058583,53.02695588,53.47106525,53.91260737,54.35127608,54.78676659,55.21877657,55.64701131,56.07116407,56.49095862,56.90610886,57.31634059,57.72138846,58.12099696,58.51492143,58.90293208,59.28479948,59.66032626,60.02931704,60.39158721,60.74698785,61.09536847,61.43660077,61.77057372,62.09719399,62.41638628,62.72809362,63.03227756,63.32891841,63.61801537,63.89958662,64.17366943,64.44032016,64.69961427,64.95164625,65.1965295,65.43440186,65.66540015,65.88970117,66.10749114,66.31897311,66.52436618,66.72390443,66.91783563,67.10641956,67.28992603,67.46863255,67.64281378,67.8127675,67.97877331,68.14111022,68.30004741,68.4558454,68.60872174,68.75889263,68.90653028,69.05176427,69.19467288,69.33527376,69.47351373,69.60925782,69.74227758,69.87223885,69.99868896,70.12104381,70.23857482,70.35039626,70.45546105,70.55252127,70.59761453],