{
  "Month":[0,0.5,1.5,2.5,3.5,4.5,5.5,6.5,7.5,8.5,9.5,10.5,11.5,12.5,13.5,14.5,15.5,16.5,17.5,18.5,19.5,20.5,21.5,22.5,23.5,24.5,25.5,26.5,27.5,28.5,29.5,30.5,31.5,32.5,33.5,34.5,35.5,36],
  "L":[1.815151075,1.547523128,1.068795548,0.695973505,0.41981509,0.219866801,0.077505598,-0.02190761,-0.0894409,-0.1334091,-0.1600954,-0.17429685,-0.1797189,-0.179254,-0.17518447,-0.16932268,-0.1631139,-0.15770999,-0.15402279,-0.15276214,-0.15446658,-0.15952202,-0.16817926,-0.1805668,-0.19670196,-0.21650121,-0.23979048,-0.26631585,-0.29575496,-0.32772936,-0.36181746,-0.39756808,-0.43452025,-0.47218875,-0.51012309,-0.54788557,-0.5850701,-0.60333785],
  "M":[3.530203168,4.003106424,4.879525083,5.672888765,6.391391982,7.041836432,7.630425182,8.162951035,8.644832479,9.081119817,9.476500305,9.835307701,10.16153567,10.45885399,10.7306256,10.97992482,11.20955529,11.4220677,11.61977698,11.80477902,11.9789663,12.14404334,12.30154103,12.45283028,12.59913494,12.74154396,12.88102276,13.01842382,13.1544966,13.28989667,13.42519408,13.56088113,13.69737858,13.83504622,13.97418199,14.1150324,14.25779618,14.32994444],
  "S":[0.152385273,0.146025021,0.136478767,0.129677511,0.124717085,0.121040119,0.1182712,0.116153695,0.114510349,0.113217163,0.11218624,0.111354536,0.110676413,0.110118635,0.109656941,0.109273653,0.10895596,0.108694678,0.108483324,0.108317416,0.108193944,0.108110954,0.108067236,0.108062078,0.108095077,0.108166005,0.108274705,0.108421024,0.108604769,0.108825681,0.109083423,0.109377581,0.109707646,0.110073084,0.110473238,0.1109074,0.111374787,0.111620652]
}
