{
  "Month":[24,24.5,25.5,26.5,27.5,28.5,29.5,30.5,31.5,32.5,33.5,34.5,35.5,36.5,37.5,38.5,39.5,40.5,41.5,42.5,43.5,44.5,45.5,46.5,47.5,48.5,49.5,50.5,51.5,52.5,53.5,54.5,55.5,56.5,57.5,58.5,59.5,60.5,61.5,62.5,63.5,64.5,65.5,66.5,67.5,68.5,69.5,70.5,71.5,72.5,73.5,74.5,75.5,76.5,77.5,78.5,79.5,80.5,81.5,82.5,83.5,84.5,85.5,86.5,87.5,88.5,89.5,90.5,91.5,92.5,93.5,94.5,95.5,96.5,97.5,98.5,99.5,100.5,101.5,102.5,103.5,104.5,105.5,106.5,107.5,108.5,109.5,110.5,111.5,112.5,113.5,114.5,115.5,116.5,117.5,118.5,119.5,120.5,121.5,122.5,123.5,124.5,125.5,126.5,127.5,128.5,129.5,130.5,131.5,132.5,133.5,134.5,135.5,136.5,137.5,138.5,139.5,140.5,141.5,142.5,143.5,144.5,145.5,146.5,147.5,148.5,149.5,150.5,151.5,152.5,153.5,154.5,155.5,156.5,157.5,158.5,159.5,160.5,161.5,162.5,163.5,164.5,165.5,166.5,167.5,168.5,169.5,170.5,171.5,172.5,173.5,174.5,175.5,176.5,177.5,178.5,179.5,180.5,181.5,182.5,183.5,184.5,185.5,186.5,187.5,188.5,189.5,190.5,191.5,192.5,193.5,194.5,195.5,196.5,197.5,198.5,199.5,200.5,201.5,202.5,203.5,204.5,205.5,206.5,207.5,208.5,209.5,210.5,211.5,212.5,213.5,214.5,215.5,216.5,217.5,218.5,219.5,220.5,221.5,222.5,223.5,224.5,225.5,226.5,227.5,228.5,229.5,230.5,231.5,232.5,233.5,234.5,235.5,236.5,237.5,238.5,239.5,240],
  "L":[0.941523967,1.00720807,0.837251351,0.681492975,0.538779654,0.407697153,0.286762453,0.174489485,0.069444521,-0.029720564,-0.124251789,-0.215288396,-0.30385434,-0.390918369,-0.254801167,-0.125654535,-0.00316735,0.11291221,0.222754969,0.326530126,0.42436156,0.516353108,0.602595306,0.683170764,0.758158406,0.827636736,0.891686306,0.95039153,1.003830006,1.05213569,1.0953669,1.133652119,1.167104213,1.195845353,1.220004233,1.239715856,1.255121285,1.266367398,1.273606657,1.276996893,1.276701119,1.272887366,1.265728536,1.255402281,1.242090871,1.225981067,1.207263978,1.186140222,1.162796198,1.137442868,1.110286487,1.081536236,1.05140374,1.020102497,0.987847213,0.954853043,0.921334742,0.887505723,0.85357703,0.819756239,0.786246296,0.753244292,0.720940222,0.689515708,0.659142731,0.629997853,0.602203984,0.575908038,0.55123134,0.528279901,0.507143576,0.487895344,0.470590753,0.455267507,0.441945241,0.430625458,0.421291648,0.413909588,0.408427813,0.404778262,0.402877077,0.402625561,0.40391127,0.406609232,0.410583274,0.415687443,0.421767514,0.428662551,0.436206531,0.44423,0.45256176,0.461030578,0.469466904,0.477704608,0.48558272,0.492947182,0.499652617,0.505564115,0.510559047,0.514528903,0.517381177,0.519041285,0.519454524,0.518588072,0.516433004,0.513006312,0.508352901,0.502547502,0.495696454,0.487939275,0.479449924,0.470437652,0.461147305,0.451858946,0.442886661,0.434576385,0.427302633,0.421464027,0.417477538,0.415771438,0.416777012,0.420919142,0.428606007,0.440218167,0.456097443,0.476536014,0.501766234,0.531951655,0.567179725,0.607456565,0.652704121,0.702759868,0.757379106,0.816239713,0.878947416,0.945053486,1.014046108,1.085383319,1.158487278,1.232768816,1.307628899,1.382473225,1.456720479,1.529810247,1.601219573,1.670433444,1.736995571,1.800483802,1.860518777,1.916765525,1.968934444,2.016781776,2.060109658,2.098765817,2.132642948,2.16167779,2.185849904,2.205180153,2.219728869,2.2295937,2.234907144,2.235833767,2.232567138,2.2253265,2.214353232,2.199905902,2.182262864,2.161704969,2.138524662,2.113023423,2.085490286,2.0562195,2.025496648,1.993598182,1.960789092,1.927320937,1.89343024,1.859337259,1.825245107,1.791339209,1.757787065,1.724738292,1.692324905,1.660661815,1.629847495,1.599964788,1.571081817,1.543252982,1.516519998,1.490912963,1.466451429,1.44314546,1.420996665,1.399999187,1.380140651,1.361403047,1.343763564,1.327195355,1.311668242,1.297149359,1.283603728,1.270994782,1.25928483,1.248435461,1.23840791,1.229163362,1.220663228,1.212869374,1.20574431,1.199251356,1.19335477,1.188019859,1.183213059,1.178901998,1.175055543,1.171643828,1.16863827,1.167279219],
  "M":[86.45220101,86.86160934,87.65247282,88.42326434,89.17549228,89.91040853,90.62907762,91.33242379,92.02127167,92.69637946,93.35846546,94.00822923,94.64636981,95.27359106,95.91474929,96.54734328,97.17191309,97.78897727,98.3990283,99.00254338,99.599977,100.191764,100.7783198,101.3600411,101.9373058,102.5104735,103.0798852,103.645864,104.208713,104.7687256,105.3261638,105.8812823,106.4343146,106.9854769,107.534968,108.0829695,108.6296457,109.1751441,109.7195954,110.2631136,110.8057967,111.3477265,111.8889694,112.4295761,112.9695827,113.5090108,114.0478678,114.5861486,115.1238315,115.6608862,116.1972691,116.732925,117.2677879,117.8017819,118.3348215,118.8668123,119.397652,119.9272309,120.455433,120.9821362,121.5072136,122.0305342,122.5519634,123.0713645,123.588599,124.1035312,124.6160161,125.1259182,125.6331012,126.1374319,126.6387804,127.1370217,127.6320362,128.1237104,128.6119383,129.096622,129.5776723,130.0550101,130.5285669,130.9982857,131.4641218,131.9260439,132.3840348,132.838092,133.2882291,133.7344759,134.1768801,134.6155076,135.0504433,135.4817925,135.9096813,136.3342577,136.7556923,137.1741794,137.5899378,138.0032114,138.4142703,138.8234114,139.2309592,139.6372663,140.042714,140.4477127,140.8527022,141.2581515,141.6645592,142.072452,142.4823852,142.8949403,143.3107241,143.7303663,144.1545167,144.5838414,145.0190192,145.4607359,145.9096784,146.3665278,146.8319513,147.3065929,147.7910635,148.2859294,148.7917006,149.3088178,149.8376391,150.3784267,150.9313331,151.4963887,152.0734897,152.6623878,153.2626819,153.8738124,154.495058,155.1255365,155.7642086,156.4098858,157.0612415,157.7168289,158.3750929,159.034399,159.6930501,160.3493168,161.0014586,161.6477515,162.2865119,162.9161202,163.535045,164.1418486,164.7352199,165.3139755,165.8770715,166.4236087,166.9528354,167.4641466,167.9570814,168.4313175,168.8866644,169.3230548,169.7405351,170.139255,170.5194567,170.881464,171.2256717,171.5525345,171.8625576,172.1562865,172.4342983,172.6971935,172.9455898,173.180112,173.4013896,173.6100518,173.8067179,173.9919998,174.1664951,174.3307855,174.4854344,174.6309856,174.7679617,174.8968634,175.0181691,175.1323345,175.2397926,175.340954,175.4362071,175.5259191,175.6104358,175.690083,175.7651671,175.8359757,175.9027788,175.9658293,176.0253641,176.081605,176.1347593,176.1850208,176.2325707,176.2775781,176.3202008,176.3605864,176.3988725,176.4351874,176.469651,176.5023751,176.533464,176.5630153,176.5911197,176.6178621,176.6433219,176.6675729,176.6906844,176.712721,176.733743,176.753807,176.7729657,176.7912687,176.8087622,176.8254895,176.8414914,176.8492322],