{
  "Month":[0,0.5,1.5,2.5,3.5,4.5,5.5,6.5,7.5,8.5,9.5,10.5,11.5,12.5,13.5,14.5,15.5,16.5,17.5,18.5,19.5,20.5,21.5,22.5,23.5,24.5,25.5,26.5,27.5,28.5,29.5,30.5,31.5,32.5,33.5,34.5,35.5],
  "L":[1.267004226,0.511237696,-0.45224446,-0.990594599,-1.285837689,-1.43031238,-1.47657547,-1.456837849,-1.391898768,-1.29571459,-1.177919048,-1.045326049,-0.902800887,-0.753908107,-0.601263523,-0.446805039,-0.291974772,-0.13784767,0.014776155,0.165304169,0.313301809,0.458455471,0.600544631,0.739438953,0.875000447,1.00720807,0.837251351,0.681492975,0.538779654,0.407697153,0.286762453,0.174489485,0.069444521,-0.029720564,-0.124251789,-0.215288396,-0.30385434],
  "M":[49.98888408,52.6959753,56.62842855,59.60895343,62.07700027,64.2168641,66.1253149,67.8601799,69.45908458,70.94803912,72.34586111,73.6666541,74.92129717,76.11837536,77.26479911,78.36622309,79.4273405,80.45209492,81.44383603,82.40543643,83.33938063,84.24783394,85.13269658,85.9956488,86.8381751,87.66160934,88.45247282,89.22326434,89.97549228,90.71040853,91.42907762,92.13242379,92.82127167,93.49637946,94.15846546,94.80822923,95.44636981],
  "S":[0.053112191,0.048692684,0.04411683,0.041795583,0.040454126,0.039633879,0.039123813,0.038811994,0.038633209,0.038546833,0.038526262,0.038553387,0.038615501,0.038703461,0.038810557,0.038931784,0.039063356,0.039202382,0.039346629,0.039494365,0.039644238,0.039795189,0.039946388,0.040097181,0.04024706,0.040395626,0.040577525,0.040723122,0.040833194,0.040909059,0.040952433,0.04096533,0.040949976,0.040908737,0.040844062,0.040758431,0.040654312]
}
