{
  "Month":[0,0.5,1.5,2.5,3.5,4.5,5.5,6.5,7.5,8.5,9.5,10.5,11.5,12.5,13.5,14.5,15.5,16.5,17.5,18.5,19.5,20.5,21.5,22.5,23.5,24.5,25.5,26.5,27.5,28.5,29.5,30.5,31.5,32.5,33.5,34.5,35.5],
  "L":[-1.295960857,-0.809249882,-0.050782985,0.476851407,0.843299612,1.097562257,1.272509641,1.390428859,1.466733925,1.512301976,1.534950767,1.540390875,1.532852892,1.51550947,1.49065028,1.460458255,1.426006009,1.388507095,1.348818127,1.307609654,1.265408149,1.222627732,1.179594365,1.136564448,1.093731947,1.051272912,1.041951175,1.012592236,0.970541909,0.921129988,0.868221392,0.81454413,0.761957977,0.711660228,0.664323379,0.620285102,0.57955631],
  "M":[49.28639612,51.68358057,55.28612813,58.09381906,60.45980763,62.53669656,64.40632762,66.11841553,67.70574419,69.19123614,70.59163924,71.91961673,73.1850104,74.39564379,75.5578544,76.67685871,77.75700986,78.80198406,79.81491852,80.79851532,81.75512092,82.6867881,83.59532461,84.48233206,85.34923624,86.1973169,87.09026318,87.95714182,88.7960184,89.6055115,90.38476689,91.13341722,91.8515436,92.5396352,93.19854429,93.82945392,94.43382278],
  "S":[0.05008556,0.046818545,0.0434439,0.041716103,0.040705173,0.040079765,0.039686845,0.039444555,0.039304738,0.03923711,0.039221665,0.039244672,0.03929642,0.039369875,0.039459832,0.039562382,0.039674542,0.03979401,0.039918994,0.040048084,0.040180162,0.04031434,0.040449904,0.040586283,0.040723015,0.040859727,0.041142161,0.041349399,0.041500428,0.041610508,0.041691761,0.04175368,0.041803562,0.041846882,0.041887626,0.041928568,0.041971514]
}
