{
  "Month":[24,24.5,25.5,26.5,27.5,28.5,29.5,30.5,31.5,32.5,33.5,34.5,35.5,36.5,37.5,38.5,39.5,40.5,41.5,42.5,43.5,44.5,45.5,46.5,47.5,48.5,49.5,50.5,51.5,52.5,53.5,54.5,55.5,56.5,57.5,58.5,59.5,60.5,61.5,62.5,63.5,64.5,65.5,66.5,67.5,68.5,69.5,70.5,71.5,72.5,73.5,74.5,75.5,76.5,77.5,78.5,79.5,80.5,81.5,82.5,83.5,84.5,85.5,86.5,87.5,88.5,89.5,90.5,91.5,92.5,93.5,94.5,95.5,96.5,97.5,98.5,99.5,100.5,101.5,102.5,103.5,104.5,105.5,106.5,107.5,108.5,109.5,110.5,111.5,112.5,113.5,114.5,115.5,116.5,117.5,118.5,119.5,120.5,121.5,122.5,123.5,124.5,125.5,126.5,127.5,128.5,129.5,130.5,131.5,132.5,133.5,134.5,135.5,136.5,137.5,138.5,139.5,140.5,141.5,142.5,143.5,144.5,145.5,146.5,147.5,148.5,149.5,150.5,151.5,152.5,153.5,154.5,155.5,156.5,157.5,158.5,159.5,160.5,161.5,162.5,163.5,164.5,165.5,166.5,167.5,168.5,169.5,170.5,171.5,172.5,173.5,174.5,175.5,176.5,177.5,178.5,179.5,180.5,181.5,182.5,183.5,184.5,185.5,186.5,187.5,188.5,189.5,190.5,191.5,192.5,193.5,194.5,195.5,196.5,197.5,198.5,199.5,200.5,201.5,202.5,203.5,204.5,205.5,206.5,207.5,208.5,209.5,210.5,211.5,212.5,213.5,214.5,215.5,216.5,217.5,218.5,219.5,220.5,221.5,222.5,223.5,224.5,225.5,226.5,227.5,228.5,229.5,230.5,231.5,232.5,233.5,234.5,235.5,236.5,237.5,238.5,239.5,240],
  "L":[1.07244896,1.051272912,1.041951175,1.012592236,0.970541909,0.921129988,0.868221392,0.81454413,0.761957977,0.711660228,0.664323379,0.620285102,0.57955631,0.54198094,0.511429832,0.482799937,0.455521041,0.429150288,0.403351725,0.377878239,0.352555862,0.327270297,0.301955463,0.276583851,0.251158446,0.225705996,0.20027145,0.174913356,0.149700081,0.12470671,0.100012514,0.075698881,0.051847635,0.02853967,0.005853853,-0.016133871,-0.037351181,-0.057729947,-0.077206672,-0.09572283,-0.113225128,-0.129665689,-0.145002179,-0.159197885,-0.172221748,-0.184048358,-0.194660215,-0.204030559,-0.212174408,-0.219069129,-0.224722166,-0.229140412,-0.232335686,-0.234324563,-0.235128195,-0.234772114,-0.233286033,-0.230703633,-0.227062344,-0.222403111,-0.216770161,-0.210210748,-0.202774891,-0.194515104,-0.185486099,-0.175744476,-0.165348396,-0.15435722,-0.142831123,-0.130830669,-0.118416354,-0.105648092,-0.092584657,-0.079283065,-0.065797888,-0.0521805,-0.03847825,-0.024733545,-0.010982868,0.002744306,0.016426655,0.030052231,0.043619747,0.05713988,0.070636605,0.08414848,0.097729873,0.111452039,0.125404005,0.13969316,0.154445482,0.169805275,0.185934346,0.203010488,0.2212252,0.240780542,0.261885086,0.284748919,0.309577733,0.336566048,0.365889711,0.397699038,0.432104409,0.46917993,0.508943272,0.551354277,0.596307363,0.643626542,0.693062173,0.744289752,0.79691098,0.85045728,0.904395871,0.958138449,1.011054559,1.062474568,1.111727029,1.158135105,1.201050821,1.239852328,1.274006058,1.303044695,1.326605954,1.344443447,1.356437773,1.362602695,1.363085725,1.358162799,1.348227142,1.333772923,1.315374704,1.293664024,1.269304678,1.242968236,1.21531127,1.186955477,1.158471522,1.130367088,1.103079209,1.076970655,1.052329922,1.029374161,1.008254396,0.989062282,0.971837799,0.95657215,0.94324228,0.931767062,0.922058291,0.914012643,0.907516917,0.902452436,0.898698641,0.896143482,0.894659668,0.89413892,0.894475371,0.895569834,0.897330209,0.899671635,0.902516442,0.905793969,0.909440266,0.913397733,0.91761471,0.922045055,0.926647697,0.931386217,0.93622842,0.941145943,0.94611388,0.95111043,0.956116576,0.961115792,0.966093766,0.971038162,0.975938391,0.980785418,0.985571579,0.99029042,0.994936555,0.999505539,1.003993753,1.0083983,1.012716921,1.016947912,1.021090055,1.025142554,1.029104983,1.032977233,1.036759475,1.040452117,1.044055774,1.047571238,1.050999451,1.054341482,1.057598512,1.060771808,1.063862715,1.066872639,1.069803036,1.072655401,1.075431258,1.078132156,1.080759655,1.083315329,1.085800751,1.088217496,1.090567133,1.092851222,1.095071313,1.097228939,1.099325619,1.101362852,1.103342119,1.105264876,1.107132561,1.108046193],
  "M":[84.97555512,85.3973169,86.29026318,87.15714182,87.9960184,88.8055115,89.58476689,90.33341722,91.0515436,91.7396352,92.39854429,93.02945392,93.63382278,94.21335709,94.79643239,95.37391918,95.94692677,96.51644912,97.08337211,97.6484807,98.21246579,98.77593069,99.33939735,99.9033122,100.4680516,101.033927,101.6011898,102.1700358,102.7406094,103.3130077,103.8872839,104.4634511,105.0414853,105.6213287,106.2028921,106.7860583,107.3706841,107.9566031,108.5436278,109.1315521,109.7201531,110.3091934,110.8984228,111.4875806,112.0763967,112.6645943,113.2518902,113.8380006,114.4226317,115.0054978,115.5863089,116.1647782,116.7406221,117.3135622,117.8833259,118.4496481,119.0122722,119.5709513,120.1254495,120.6755427,121.22102,121.7616844,122.2973542,122.827864,123.3530652,123.8728276,124.38704,124.8956114,125.398472,125.895574,126.3868929,126.8724284,127.3522056,127.8262759,128.2947187,128.757642,129.2151839,129.6675143,130.1148354,130.5573839,130.995432,131.4292887,131.8593015,132.2858574,132.7093845,133.1303527,133.5492749,133.9667073,134.3832499,134.7995463,135.2162826,135.634186,136.0540223,136.4765925,136.9027281,137.3332846,137.7691339,138.2111552,138.6602228,139.1171933,139.5828898,140.0580848,140.5434787,141.0396832,141.5471945,142.0663731,142.59742,143.1403553,143.6949981,144.2609497,144.8375809,145.4240246,146.0191748,146.621692,147.2300177,147.8423918,148.4568879,149.0714413,149.6838943,150.2920328,150.8936469,151.4865636,152.0686985,152.6380955,153.1929631,153.7317031,154.2529332,154.755501,155.2384904,155.7012216,156.1432438,156.564323,156.9644258,157.3436995,157.7024507,158.0411233,158.3602756,158.6605588,158.9426964,159.2074654,159.455679,159.688172,159.9057871,160.1093647,160.299733,160.4776996,160.6440526,160.7995428,160.9448916,161.0807857,161.2078755,161.3267744,161.4380593,161.5422726,161.639917,161.7314645,161.8173534,161.8979913,161.9737558,162.0449969,162.1120386,162.17518,162.2346979,162.2908474,162.343864,162.3939652,162.4413513,162.4862071,162.5287029,162.5689958,162.6072309,162.6435418,162.6780519,162.7108751,162.7421168,162.7718741,162.8002371,162.8272889,162.8531067,162.8777619,162.9013208,162.9238449,162.9453912,162.9660131,162.9857599,163.0046776,163.0228094,163.0401953,163.0568727,163.0728768,163.0882404,163.1029943,163.1171673,163.1307866,163.1438776,163.1564644,163.1685697,163.1802146,163.1914194,163.202203,163.2125835,163.2225779,163.2322024,163.2414722,163.2504019,163.2590052,163.2672954,163.2752848,163.2829854,163.2904086,163.297565,163.304465,163.3111185,163.3175349,163.3237231,163.3296918,163.3354491,163.338251],