{
  "Month":[0,0.5,1.5,2.5,3.5,4.5,5.5,6.5,7.5,8.5,9.5,10.5,11.5,12.5,13.5,14.5,15.5,16.5,17.5,18.5,19.5,20.5,21.5,22.5,23.5,24.5,25.5,26.5,27.5,28.5,29.5,30.5,31.5,32.5,33.5,34.5,35.5,36],
  "L":[-1.298749689,-1.440271514,-1.581016348,-1.593136386,-1.521492427,-1.394565915,-1.231713389,-1.046582628,-0.848932692,-0.645779124,-0.442165412,-0.24163206,-0.046673786,0.141031094,0.320403169,0.490807133,0.65193505,0.803718086,0.946259679,1.079784984,1.204602687,1.321076285,1.429602576,1.530595677,1.624475262,1.71165803,1.792551616,1.867550375,1.93703258,2.001358669,2.060870301,2.115889982,2.16672113,2.21364844,2.256943216,2.296844024,2.333589434,2.350847202],
  "M":[34.7115617,36.03453876,37.97671987,39.3801263,40.46773733,41.34841008,42.0833507,42.71033603,43.25428882,43.73249646,44.15742837,44.53836794,44.88240562,45.19507651,45.48078147,45.74307527,45.98486901,46.20857558,46.41621635,46.60950084,46.78988722,46.95862881,47.11681039,47.26537682,47.40515585,47.53687649,47.66118396,47.77865186,47.8897923,47.99506422,48.09488048,48.18961365,48.2796011,48.36514917,48.44653703,48.52401894,48.59782828,48.63342328],
  "S":[0.046905108,0.042999604,0.038067862,0.035079612,0.033096443,0.03170963,0.030709039,0.029974303,0.029430992,0.029030379,0.028739112,0.028533537,0.028396382,0.028314722,0.028278682,0.028280585,0.028314363,0.028375159,0.028459033,0.028562759,0.028683666,0.028819525,0.028968459,0.029128879,0.029299426,0.029478937,0.029666406,0.02986096,0.030061839,0.030268375,0.030479985,0.03069615,0.030916413,0.031140368,0.031367651,0.031597939,0.031830942,0.031948378]
}
