{
  "Month":[0,0.5,1.5,2.5,3.5,4.5,5.5,6.5,7.5,8.5,9.5,10.5,11.5,12.5,13.5,14.5,15.5,16.5,17.5,18.5,19.5,20.5,21.5,22.5,23.5,24.5,25.5,26.5,27.5,28.5,29.5,30.5,31.5,32.5,33.5,34.5,35.5,36],
  "L":[1.509187507,1.357944315,1.105537708,0.902596648,0.734121414,0.590235275,0.464391566,0.352164071,0.250497889,0.15724751,0.070885725,-0.00968493,-0.085258,-0.15640945,-0.22355869,-0.28701346,-0.34699919,-0.40368918,-0.45721877,-0.50770077,-0.55523599,-0.59992113,-0.64185418,-0.6811381,-0.71788283,-0.75220617,-0.78423359,-0.81409743,-0.8419355,-0.86788939,-0.89210264,-0.91471881,-0.93587966,-0.95572344,-0.97438101,-0.99198075,-1.00864074,-1.01665314],
  "M":[3.39918645,3.79752846,4.544776513,5.230584214,5.859960798,6.437587751,6.967850457,7.454854109,7.902436186,8.314178377,8.693418423,9.043261854,9.366593571,9.666089185,9.944226063,10.20329397,10.4454058,10.67250698,10.88638558,11.08868151,11.28089537,11.46439708,11.64043402,11.81013895,11.97453748,12.13455528,12.2910249,12.44469237,12.59622335,12.74620911,12.89517218,13.04357164,13.19180827,13.34022934,13.48913357,13.63877446,13.78936547,13.86507382],
  "S":[0.142106724,0.138075916,0.131733888,0.126892697,0.123025182,0.119840911,0.117166868,0.11489384,0.112949644,0.11128469,0.109863709,0.10866078,0.10765621,0.106834517,0.106183085,0.105691242,0.105349631,0.105149754,0.105083666,0.105143752,0.105322575,0.10561278,0.106007025,0.106497957,0.107078197,0.107740346,0.108477009,0.109280822,0.110144488,0.111060814,0.112022758,0.113023466,0.114056316,0.115114952,0.116193337,0.11728575,0.118386847,0.118939087]
}
