{
  "Month":[24,24.5,25.5,26.5,27.5,28.5,29.5,30.5,31.5,32.5,33.5,34.5,35.5,36.5,37.5,38.5,39.5,40.5,41.5,42.5,43.5,44.5,45.5,46.5,47.5,48.5,49.5,50.5,51.5,52.5,53.5,54.5,55.5,56.5,57.5,58.5,59.5,60.5,61.5,62.5,63.5,64.5,65.5,66.5,67.5,68.5,69.5,70.5,71.5,72.5,73.5,74.5,75.5,76.5,77.5,78.5,79.5,80.5,81.5,82.5,83.5,84.5,85.5,86.5,87.5,88.5,89.5,90.5,91.5,92.5,93.5,94.5,95.5,96.5,97.5,98.5,99.5,100.5,101.5,102.5,103.5,104.5,105.5,106.5,107.5,108.5,109.5,110.5,111.5,112.5,113.5,114.5,115.5,116.5,117.5,118.5,119.5,120.5,121.5,122.5,123.5,124.5,125.5,126.5,127.5,128.5,129.5,130.5,131.5,132.5,133.5,134.5,135.5,136.5,137.5,138.5,139.5,140.5,141.5,142.5,143.5,144.5,145.5,146.5,147.5,148.5,149.5,150.5,151.5,152.5,153.5,154.5,155.5,156.5,157.5,158.5,159.5,160.5,161.5,162.5,163.5,164.5,165.5,166.5,167.5,168.5,169.5,170.5,171.5,172.5,173.5,174.5,175.5,176.5,177.5,178.5,179.5,180.5,181.5,182.5,183.5,184.5,185.5,186.5,187.5,188.5,189.5,190.5,191.5,192.5,193.5,194.5,195.5,196.5,197.5,198.5,199.5,200.5,201.5,202.5,203.5,204.5,205.5,206.5,207.5,208.5,209.5,210.5,211.5,212.5,213.5,214.5,215.5,216.5,217.5,218.5,219.5,220.5,221.5,222.5,223.5,224.5,225.5,226.5,227.5,228.5,229.5,230.5,231.5,232.5,233.5,234.5,235.5,236.5,237.5,238.5,239.5,240],
  "L":[-0.73533951,-0.75220657,-0.78423366,-0.81409582,-0.841935504,-0.867889398,-0.892102647,-0.914718817,-0.935876584,-0.955723447,-0.974383363,-0.991980756,-1.008640742,-1.024471278,-1.039573604,-1.054039479,-1.067946784,-1.081374153,-1.094381409,-1.107021613,-1.119338692,-1.131367831,-1.143135936,-1.15466215,-1.165958392,-1.177029925,-1.187871001,-1.198484073,-1.208853947,-1.218965087,-1.228798212,-1.238330855,-1.247537914,-1.256392179,-1.264864846,-1.272926011,-1.28054514,-1.287691525,-1.294332076,-1.300441561,-1.305989011,-1.310946941,-1.315289534,-1.318992925,-1.322035315,-1.324398133,-1.326064539,-1.327020415,-1.327256387,-1.326763834,-1.325538668,-1.323579654,-1.320888012,-1.317468695,-1.313331446,-1.308487081,-1.302948173,-1.296733913,-1.289863329,-1.282358762,-1.274244931,-1.265548787,-1.256299378,-1.24653066,-1.236266832,-1.225551344,-1.214410914,-1.202884389,-1.191007906,-1.178818621,-1.166354376,-1.153653688,-1.140751404,-1.127684095,-1.114490244,-1.101204848,-1.087863413,-1.074500927,-1.061151213,-1.047847141,-1.034620551,-1.021502197,-1.008521695,-0.995707494,-0.983086844,-0.970685789,-0.958529157,-0.946640568,-0.935042447,-0.923756041,-0.912801445,-0.902197638,-0.891962513,-0.882112919,-0.872664706,-0.863632768,-0.855031092,-0.846872805,-0.839170224,-0.831934903,-0.825177688,-0.818908758,-0.813137675,-0.807873433,-0.803122613,-0.79889771,-0.795203499,-0.792047959,-0.789435274,-0.787374433,-0.785870695,-0.784929893,-0.784557605,-0.78475917,-0.785539703,-0.786904102,-0.788858208,-0.791403051,-0.794546352,-0.79829102,-0.802640891,-0.807599577,-0.813170461,-0.819356692,-0.826161176,-0.833586038,-0.841634949,-0.850307441,-0.859607525,-0.869534339,-0.880088651,-0.891270585,-0.903079458,-0.915513542,-0.928569454,-0.942245864,-0.956537923,-0.971440492,-0.986947308,-1.003050887,-1.019742425,-1.037011698,-1.054846957,-1.073234825,-1.092160195,-1.111606122,-1.131553723,-1.151982079,-1.172868141,-1.19418462,-1.215907492,-1.238005268,-1.260445591,-1.283193626,-1.306212032,-1.329460945,-1.35289798,-1.376478254,-1.400154426,-1.423876772,-1.447593267,-1.471249702,-1.494789826,-1.518155513,-1.541286949,-1.564122852,-1.586600712,-1.608657054,-1.630227728,-1.651248208,-1.67165392,-1.691380583,-1.710364557,-1.728543207,-1.745855274,-1.762241248,-1.777643747,-1.792007891,-1.805281675,-1.817416335,-1.828366707,-1.838091576,-1.846554015,-1.853721704,-1.859567242,-1.864068443,-1.86720861,-1.8689768,-1.869371157,-1.868386498,-1.866033924,-1.862327775,-1.857289195,-1.850946286,-1.84333425,-1.834495505,-1.824479785,-1.813344222,-1.801153404,-1.787979408,-1.773901816,-1.759007704,-1.743391606,-1.72715546,-1.710410733,-1.693267093,-1.67585442,-1.658302847,-1.640747464,-1.623332891,-1.606209374,-1.589533346,-1.573467222,-1.558179166,-1.543846192,-1.530642461,-1.518754013,-1.51336185],
  "M":[12.05503983,12.13455523,12.2910249,12.44469258,12.59622335,12.74620911,12.89517218,13.04357164,13.19180874,13.34022934,13.48913319,13.63877446,13.78936547,13.94108332,14.09407175,14.24844498,14.40429169,14.56167529,14.72064045,14.88121352,15.04340553,15.20721443,15.37262729,15.53962221,15.70817017,15.87823668,16.04978452,16.2227706,16.39715363,16.57289122,16.74994187,16.92826587,17.10782615,17.28858894,17.47052444,17.65360733,17.83781722,18.02313904,18.20956418,18.3970876,18.58571243,18.77544728,18.966307,19.15831267,19.35149163,19.54587708,19.74150854,19.93843145,20.13669623,20.33635961,20.53748298,20.74013277,20.94438028,21.15030093,21.35797332,21.56748045,21.77890902,21.99234686,22.20788541,22.4256177,22.64563824,22.86804258,23.09292679,23.32038549,23.55051871,23.78341652,24.01917703,24.25789074,24.49964778,24.74453536,24.99263735,25.24403371,25.49880264,25.7570168,26.01874261,26.28404312,26.55297507,26.82558904,27.1019295,27.38203422,27.66593402,27.9536524,28.24520531,28.54060085,28.83983907,29.14291171,29.44980208,29.76048479,30.0749257,30.39308176,30.71490093,31.0403221,31.36927506,31.7016805,32.03744999,32.37648607,32.71868225,33.06392318,33.4120847,33.76303402,34.1166299,34.47272283,34.83115524,35.19176177,35.55437176,35.91879976,36.28486194,36.65236365,37.02110818,37.39088668,37.76148905,38.1326991,38.50429603,38.87605489,39.24774707,39.61914076,39.98999994,40.36009244,40.72917544,41.09701099,41.46335907,41.82797963,42.19063313,42.55108107,42.90908653,43.2644155,43.61683402,43.9661169,44.31203579,44.65437319,44.99291356,45.32744704,45.65777013,45.98368656,46.30500858,46.62155183,46.93314404,47.23962058,47.54082604,47.83661466,48.12685082,48.41140938,48.69017613,48.9630481,49.22993391,49.49075409,49.74544132,49.99394068,50.23620985,50.47222213,50.70195581,50.92540942,51.14259229,51.3535268,51.55824831,51.75680513,51.94925841,52.13568193,52.31616197,52.49079703,52.65969757,52.82298572,52.9807949,53.13326946,53.28056425,53.42284417,53.5602837,53.69306637,53.82138422,53.94543725,54.06543278,54.18158486,54.29411356,54.40324431,54.50920717,54.61223603,54.71256787,54.81044184,54.90609842,54.99977846,55.09172217,55.18216811,55.271352,55.35950558,55.44685531,55.53362107,55.62001464,55.70623826,55.79247939,55.87892356,55.96573022,56.05304601,56.14099882,56.22969564,56.3192203,56.40963105,56.50095811,56.59320107,56.68632619,56.78026364,56.87490465,56.97009856,57.06564989,57.16131528,57.25679821,57.35175792,57.44578172,57.53840429,57.62910094,57.7172758,57.80226553,57.88333502,57.95967458,58.0303973,58.09453209,58.15103575,58.1987714,58.21897289],